block_number,2300261
utxo_set
pub_key,dhe_point,c_value,encrypted_data.msg,encrypted_data.iv
0x08989634ff6857c4be96c4caa8ba4c107b139ed2c5da2cb8460a6c984bfbd76f,0x93114f152db8784c243f11aa8d816da1257ecf3c57184cc67d014e1f5ce031d8,5000000000000000,0x0,0x0
0x90d852553651592c6ae98a73e98d1faea4e5afd01664ca1ff045270019a8d46a,0xad49a3de677b534a238022b7e488d4fdbe818bd17da31da20a27cb7095d2804d,5000000000000000,0x0,0x0
0xaba78cd23078f64d34d363361dde13479526105562a9197db7f42d265c879110,0x1d6646904fcfa47c4496bce8a47f4aee0395481b4fab503ec9406884be2e42c3,0x15a03d06c4b1ee429bf4708ad85b29dd2f20851410006a5e249fe5a70ffe6e6c,0x66fa95ffbf5b5661f05e892e34ddee3a22d5320fb26fd7fb63988fd5e9eb29894acdfc71179bc07e251ea363199af8d3d91be6fc7547e804c58f6429d39e3fee,0x1e66a2bcf7912734a9077a0206ab5fc1
0x9559b110743a019207bc7533fa0531853614a14bd482ac3379de83e2b78a9567,0x0e23f105a37bea11563c4ab96ca9900a779dd9a8ffc20eb7785525152daf0c2d,0x878c821a5447c71bac924466b42430882c24633c5220a48729e63d3ecb288a57,0x77d7b72b91497a9b19dd97d1bcb8cf728c6d1ac749bdac9632f1184d91feb7e2a1c2d072c237534bb20d8ab50c13b1cfb5d5c742b061d1c8674a5ca7e5638ce5,0x2c5d2f300d25f466f30256cc1b3c75f6
0x300ed8c2d5345df6e5b4ae5ae8e83f3c51a66ca2f6d881a3d1b509d8f780f28a,0xaa1b872a0f371dacb23818dd5addd1bf40de411fbf8d70002909fa18687d39ce,0xa3f2b4ea063ca809f5903a5b6e2547474a4ed970b7a440363dc37c05fb9a5e3e,0x2c023a2b600f45bc80a424cf3384d18c5b78c59e080ee483c57980bbf7d88159dbd33bc740f2233217675c63eb9f99568e3f3e97c43d9800f5c0a9591193cc12,0xb8372eb38cb248bb5a8e3bf410bbf520
0x8f2cba19b90924a4047ce09c0bc79d8844dd5e37994c14d3683a410e41043df2,0x816ff76bf42e59af4185164151461df4f972fa8250538b8a953b45083792e6b3,0x20cdc0e15bf5beb4b2849785dc5565a97d9618a027bb7626c3e50b7a4b693fd1,0x73611ea6ce39ecfda51fe2604570c70dc3143b84f75084e27dc865b760c619f4a76268f7bed0f55027f59e8a235696492b2f282a29c4432b612a49fd28a9858b,0x7b335826edd3f927d02a1f3d636a2a99
0x2e91a9586c05ae60d61703668d1f0814f90c578ae692fb6d48f6b307c95315a5,0x24b2e8db68266688bf6e3f422bc3b241b44106cb8fbd1afda56fac5a904e390c,0x2141ef989e79769557ff6fabb6681ed60711d742d16962d34733936076d98380,0x0fc8342db9003a121c3d3dda24629422e8da61cb919088cbfb55218e692f0f66bd7fd7669197844e4f5aa2bc1898494a3035c32426cd02b1284acfbd2bbe1ace,0x7bca9caeefed5fd6cbc17bf8ca6570df
0x984f8b9e0a550d1f31dd625ff72a48cf4c7b36258e3cb895f23bea07c118e410,0xa7a8180d1c0c0c6db50384efb637a7ba121d07160b4eb8fde576c1eb13386f08,0x92246d1c841d2da792dd8231be5bcc38c127b23bf10f45033ce25cddc4737910,0x8cd47345686dde5e5223b1dcc2baaa4588499f51cdf008943cb7f2fdefb1c0cd6aeab93870f3d1b5a93238b1583a869ada3e0d986b63ca1e8fa1ec75ba1bab6e,0x0a8cd12172d42ab31384ac545a44b6fa
mixin_set
pub_key,dhe_point,c_value,encrypted_data.msg,encrypted_data.iv
0x0a8e953673eb563ed4c10956e0ef1d6ea328ffe45bc7a2d5438a943e0a48c7d4,0x22f63d8d2933adaeded5cef107d6a6205be6e815b1a5d8552257c37ce2e153b7,5000000000000000,0x0,0x0
0x19e4dc127caa505b83c597efb7f1fcabd510c968cd151878820d8483310eac1d,0x2046a09d6800e781b51ef6970c4517a7394919a42f418b4b8bbe4d7f32b97868,5000000000000000,0x0,0x0
0x921565f944e427e95e2652230297d2d5368048dd50052b7e343a71bdb09a4254,0x8dcf89606a56d4b40f5cef855573eef23d3eed9026b78885b1627cbbefc765bd,5000000000000000,0x0,0x0
0x9288da7703c068df6ad2fade99688b53da44d62ae483f74598d06122ee0d6c27,0x2d0885927620d31412095707618e5e3ea409fd12ff02d794db07c686f1a9aac7,5000000000000000,0x0,0x0
0x280f4b33641d56123b79fb8a19e0b9c7f3f3188e2cefa4add98aac681453d6fe,0x2c884bda56f37515bd047139863e8c74cf00cf22db49970e40702cc73fec810f,5000000000000000,0x0,0x0
0x93d85417171637ad0ba0c517468125e5cfc705e9132ecb131cc2757b4099c1c2,0x977781825a4cda072e1a6c9abaca4c88dd7a974e1634b1a3f84b80019c1555d2,5000000000000000,0x0,0x0
